已知，有一个学生表student和一个分数表score，请按要求对这两个表进行操作。student表和score分数表的表结构分别如表1-1和表1-2所示。

表1-1student表结构

　　字段名　　 数据类型　　主键　　外键　　非空　　 唯一　　自增　　字段描述

　　stu_id　　  INT(10)　　 是　　  否　　  是　　   是　　  否　　   学号

　　stu_name　  VARCHAR(20) 否　　  否　　  是　　   否　　  否　　   姓名

　　sex　　　　 VARCHAR(2)  否　　  否　　  否　　   否　　  否　  　 性别

　　birth　　   YEAR　　　　否　　  否　　  否　　   否　　  否　　 出生年份

　　department  VARCHAR(20) 否　　  否　　  是　　   否　　  否　　   院系

　　addr　　　　VARCHAR(50) 否　　  否　　  否　　   否　　  否　　 家庭住址

表1-2score表结构

　　字段名　　 数据类型　　主键　　外键　　非空　　唯一　　自增　　字段描述

　　score_id　　INT(10)　　 是　　  否　　 是　　  是　　   是　　  编号

　　stu_id　  　INT(10)　　 否　　  否　　 是　　  否　　   否　　  学号

　　c_name　　VARCHAR(20)　 否　　  否　　 否　　  否　　   否　　 课程名

　　grade　　   INT(10)　　 否　　  否　　 否　　  否　　   否　　  分数

　　表1-1和表1-2中分别对student表和score表中字段的数据类型、主键、外键、非空、唯一约束、自增和字段描述做了说明，其中这两个表中都有stu_id字段，用于表示学号，该字段使student表和score表实现了关联。


create database my_db;

use my_db;

CREATE TABLE student (
    stu_id INT(10) PRIMARY KEY,
    stu_name VARCHAR(20)NOT NULL,
    sex VARCHAR(2),
    birth YEAR,
    department VARCHAR(20),
    addr VARCHAR(50)
);


INSERT INTO student VALUES
( 901,'张飞', '男',1985,'计算机系', '河北省涿州市'),
( 902,'关羽', '男',1986,'中文系', '山西省运城市'),
( 903,'貂蝉', '女',1990,'中文系', '山西省忻州县'),
( 904,'刘备', '男',1990,'英语系', '河北省涿州市'),
( 905,'小乔', '女',1991,'英语系', '安徽省潜山市'),
( 906,'赵云', '男',1988,'计算机系', '河北省正定市');

CREATE TABLE score (
    score_id INT(10) PRIMARY KEY AUTO_INCREMENT ,
    stu_id INT(10) NOT NULL ,
    c_name VARCHAR(20) ,
    grade INT(10)
);


INSERT INTO score(stu_id,c_name,grade) VALUES(901, '计算机',98),
(901, '英语', 80),(902, '计算机',65),(902, '中文',88),
(903, '中文',95),(904, '计算机',70),(904, '英语',92),
(905, '英语',94),(906, '计算机',90),(906, '英语',85);

1. 从student表中查询计算机系和英语系学生的信息。

MariaDB [my_db]> select * from student where department in ('计算机系','英语系') order by department;
+--------+----------+------+-------+--------------+--------------------+
| stu_id | stu_name | sex  | birth | department   | addr               |
+--------+----------+------+-------+--------------+--------------------+
|    904 | 刘备     | 男   |  1990 | 英语系       | 河北省涿州市       |
|    905 | 小乔     | 女   |  1991 | 英语系       | 安徽省潜山市       |
|    901 | 张飞     | 男   |  1985 | 计算机系     | 河北省涿州市       |
|    906 | 赵云     | 男   |  1988 | 计算机系     | 河北省正定市       |
+--------+----------+------+-------+--------------+--------------------+

2. 从student表中查询年龄25~28岁的学生信息。
MariaDB [my_db]> select * from student where 2022-birth between 25 and 28;
Empty set (0.00 sec)


3. 在student表中统计每个院系各有几个学生。
MariaDB [my_db]> select department,count(stu_id) as stu_num from student group by department;
+--------------+---------+
| department   | stu_num |
+--------------+---------+
| 中文系       |       2 |
| 英语系       |       2 |
| 计算机系     |       2 |
+--------------+---------+


4. 查询每个院系学生中的最高分。
MariaDB [my_db]> select department, max(grade) from student,score where student.stu_id = score.stu_id group by department;
+--------------+------------+
| department   | max(grade) |
+--------------+------------+
| 中文系       |         95 |
| 英语系       |         94 |
| 计算机系     |         98 |
+--------------+------------+


5. 查询学生貂蝉的考试科目（c_name）和考试成绩（grade）
MariaDB [my_db]> select c_name, grade from student,score where student.stu_id = score.stu_id and student.stu_name = '貂蝉';
+--------+-------+
| c_name | grade |
+--------+-------+
| 中文   |    95 |
+--------+-------+
1 row in set (0.00 sec)


6. 查询计算机成绩低于95的学生信息。

MariaDB [my_db]> select * from student where stu_id in(select stu_id from score where grade < 95);
+--------+----------+------+-------+--------------+--------------------+
| stu_id | stu_name | sex  | birth | department   | addr               |
+--------+----------+------+-------+--------------+--------------------+
|    901 | 张飞     | 男   |  1985 | 计算机系     | 河北省涿州市       |
|    902 | 关羽     | 男   |  1986 | 中文系       | 山西省运城市       |
|    904 | 刘备     | 男   |  1990 | 英语系       | 河北省涿州市       |
|    905 | 小乔     | 女   |  1991 | 英语系       | 安徽省潜山市       |
|    906 | 赵云     | 男   |  1988 | 计算机系     | 河北省正定市       |
+--------+----------+------+-------+--------------+--------------------+
5 rows in set (0.00 sec)

7. 查询同时参加计算机和英语考试的学生的信息。
MariaDB [my_db]> select * from student where stu_id in(select stu_id from score where c_name='计算机' and stu_id in(select stu_id from score where c_name='英语'));
+--------+----------+------+-------+--------------+--------------------+
| stu_id | stu_name | sex  | birth | department   | addr               |
+--------+----------+------+-------+--------------+--------------------+
|    901 | 张飞     | 男   |  1985 | 计算机系     | 河北省涿州市       |
|    904 | 刘备     | 男   |  1990 | 英语系       | 河北省涿州市       |
|    906 | 赵云     | 男   |  1988 | 计算机系     | 河北省正定市       |
+--------+----------+------+-------+--------------+--------------------+
3 rows in set (0.01 sec)


8. 从student表和score表中分别查询出学生的学号，然后合并查询结果。

MariaDB [my_db]> select * from student ,score where student.stu_id = score.stu_id;
+--------+----------+------+-------+--------------+--------------------+----------+--------+-----------+-------+
| stu_id | stu_name | sex  | birth | department   | addr               | score_id | stu_id | c_name    | grade |
+--------+----------+------+-------+--------------+--------------------+----------+--------+-----------+-------+
|    901 | 张飞     | 男   |  1985 | 计算机系     | 河北省涿州市       |        1 |    901 | 计算机    |    98 |
|    901 | 张飞     | 男   |  1985 | 计算机系     | 河北省涿州市       |        2 |    901 | 英语      |    80 |
|    902 | 关羽     | 男   |  1986 | 中文系       | 山西省运城市       |        3 |    902 | 计算机    |    65 |
|    902 | 关羽     | 男   |  1986 | 中文系       | 山西省运城市       |        4 |    902 | 中文      |    88 |
|    903 | 貂蝉     | 女   |  1990 | 中文系       | 山西省忻州县       |        5 |    903 | 中文      |    95 |
|    904 | 刘备     | 男   |  1990 | 英语系       | 河北省涿州市       |        6 |    904 | 计算机    |    70 |
|    904 | 刘备     | 男   |  1990 | 英语系       | 河北省涿州市       |        7 |    904 | 英语      |    92 |
|    905 | 小乔     | 女   |  1991 | 英语系       | 安徽省潜山市       |        8 |    905 | 英语      |    94 |
|    906 | 赵云     | 男   |  1988 | 计算机系     | 河北省正定市       |        9 |    906 | 计算机    |    90 |
|    906 | 赵云     | 男   |  1988 | 计算机系     | 河北省正定市       |       10 |    906 | 英语      |    85 |
+--------+----------+------+-------+--------------+--------------------+----------+--------+-----------+-------+
10 rows in set (0.00 sec)


9. 查询姓张或者姓王的同学的个人信息、院系和考试科目及成绩。


10. 查询山西省的学生的姓名、出生年份、院系、考试科目及成绩。